{
  "7JfQamkhpvvRUEKiGKNZgWeCLXvDnsTEdJDbP4DJ9xg9": 62.493543,
  "Bw8e1rYvkUJj2Zjrp48Mn6Fn8VDL5eAK861QzojzFFXZ": 3.124677,
  "3bnx1L6hwbLgsw2j17FjTgTvw1ViFVLtDM5De8ya5ZLG": 37.496125,
  "JE9gfTRA7z33J4bdmer4AsLuwd5YRz5kLgy3jyxxK1YD": 12.498709,
  "FoYXuWEScBxzavJM8atsGf9K82fjmRf9UwHqmDaGysxH": 124.987085,
  "65WBrYEXw3fJXD3r3cQv2CwTeoCzSeFLKntjMuCfs1nz": 249.97417,
  "E2vf5JAuV3VN3eGXxLC5vbmS4CPSjD737LwzF8rhvcpA": 1249.87085,
  "8LLWMdK1gF3XYVSAe5QExAYMGQGqMUkAegYMmFWNv3nS": 374.961255,
  "PdDFzkLE3H1q8YBDzYihEMjAiZeeZSd5bU7KaonufvR": 99.989668,
  "FNuD8GEFQzT7zsWPuY4aKLNd9rLNLuTRUisYPo8x2AkJ": 624.935425,
  "9kNURs1tCa41WBbDgbzjj14dvijBpx3yc9MPUbuMbY5V": 999.89668,
  "CZJeq4erZb5AkucBjS8KDMynvYeB45Cs6s2sPHjc8sis": 187.480627,
  "ErVn38fKqWkavaEnNn12DYJ1XWSnjTWJkXvYer2FEP21": 149.984502,
  "Hmd4CFesqtgeeNUyX8Q4Y3eyYGxgczyz3iKyhUiquSN2": 199.979336,
  "55fpXnCrBASmAGXQ95Wmj1H6bN8ohpRdeuJ3z6aTsqk5": 312.467713,
  "AKu12CQZEYuQZusghAzr2jqJkPefMGqKVTjSFSAiGk9o": 24.997417,
  "41T6RxVoc4n8pFs7zGXPZq7JS2xEsSKh7wjHkQUcJQNo": 49.994834,
  "GR3r3huC7LTGise7v5VxJbkbJNYJe5kuo4TB7x5QHbZZ": 74.992251,
  "5fkg2DSbYDB8cvjyssAGv39MJgwbmbbmHnW4L1mSFV6r": 9.374031,
  "CBqPmpht8sxrc14nAtmtjZ5wvKbyTRWG5rYBrfbe5NdC": 149.984502
}