{
  "4BQqTU7ifoTiYmvbmW7nmF957u46QbRBz951w55JTfF3": 62.493626,
  "DmHLiosTPGqMLnrVAgEDiyt3VoHCArpNkUdEXf4aNuFs": 3.124681,
  "7fyEvo1N9yXaRge4oBoNmsniq6BNEtBFbmRexU2255kN": 37.496175,
  "6hw5xmfPjxnmhpGPha66b1pSN97eQ1fnyYLETfr8p6ed": 12.498725,
  "3TEMr81YAvY9wZvoinKbo5wjf3ZcdunHjWAC2NKpmGis": 124.987251,
  "6fDjYun88cEDncFHov3vj2yJgy85fi8AjnZ3oD8S8uGr": 249.974502,
  "WRfA8PkjFYsayEVdSnQepTeV6ceKALrGJa13vJaB3Jg": 1249.87251,
  "5uV64zkZ5w6NMCpZJq6t3KA9Jfz5hcR2b1TT9ateRok": 374.961753,
  "GWP9XJckugrsqUBD4oaeaPFrVN3QJgYXXFLEH8PaZkWc": 99.989801,
  "3o2H5dBktobJVphmY8ZcD1baWQngNAFssfK7pKf63A8B": 624.936255,
  "CnKZCC6BEx8vxzi5sPh4PLcdc9EfiEa8yXEbRhYuoRr": 999.898008,
  "BYU7nzZSMBgAi5WJ8voZBTHGKkHzRADdLrdVdhaMcqgv": 187.480876,
  "63hUrJFcHjw8Qsy39FZE7wSUyeTK9cbcd4GXokBYHPwK": 149.984701,
  "8oh5KdJFiujJDcaaa9nx9BekmsNBXzYwQD4G96JJurrq": 199.979602,
  "Evt1DqX7orAAtRMVK59N1suBgR7aJC77NDRzYnbjmEGV": 312.468127,
  "GhfQ5vWicHmphjWKpMxjH4p9GsVuCknh6ciAPkLPwdE7": 24.99745,
  "FHwiX2Lu37EdfGKykLHYYjVuBSo1tdn8VYXWV1Xos7iq": 49.9949,
  "DqjEXV1nJvCuUCo1anqZVEYj3hMG7KD2WUcW2hnpcYxB": 74.992351,
  "r5odJa6eaGrNeEhKTZEG4YZjMvL5YjHDJCMiAXQtn99": 9.374044,
  "H834yjoU85AtBHXFFAQSihPAiMhRvx7tPnidBBhLbMtX": 149.984701
}