{
  "GoGELpnDCUo3XtiHT8nc2L5k8JP1uTmpS14Q6tTsc3Jc": 62.492121,
  "F2cYZUCWFECQuXtrB8m7qhnekg5LfP2Gj4tANv7uND1H": 3.124606,
  "27AiRNWETjdJxKkNw7GfHQKFv1uGfsbAmqGKehjJ7m4E": 37.495273,
  "8tRMVrjgyCQdao7SHQbJRELwWKEGnyoc8wQy46p2tZA6": 12.498424,
  "39SPpcRb5tyjgsTTPtPdoL1VDfjxGBemwuvdXtjBUapi": 124.984243,
  "BE6KqwpWE5M6WvAB9N3cJsgU24g1cHkoCFR7b54oCpdX": 249.968486,
  "DKxAU3wucNrmN4yZ4kdSS9P7rPFub4XR7bEPHJThdqe9": 1249.84243,
  "CiLgfHxA9vwVbbvhBp7YMrpb8e5XTmej76AyzeCZxy6h": 374.952729,
  "Chx6VCt22uKZhLJmndwBNQmNxYsCHnQzBKM8cim8DTQE": 99.987394,
  "3HzwqASJpNb1sH618URMMJVLArrGmNxAUyYi28SriJw6": 624.921215,
  "BoSneAsUYtLLW5bLuTRqWtRUvjQWMefeMni6rYH93vvn": 999.873944,
  "BX1gA9vkSVgUgduohvQuiXRVo45fLZSWdPoHj6y4g5aa": 187.476364,
  "6Fz3dARv6SYZpy7A5UAzfDugiKVCb1aqQcuzegY1KTpX": 149.981092,
  "A22RVCBuutnkH4BjGScPbF63XkyPLBzRASdhCC1gpQAL": 199.974789,
  "AAgmgPLacHP9Q86yXANrkqck7Cb48kJLYngwfe5xkgUd": 312.460607,
  "3v8mbAhFo65LDj6TikbDzJkaVpWvK9utgC6mRmXAgeri": 24.996849,
  "wm49jgV8CcPTtFkUNcTy52evCaYVzwFFZdK9FiPckvu": 49.993697,
  "A7CyMMP4vveqFTCMBX9tP4Sxps9UEcsXcmWk2eue3gTC": 74.990546,
  "4dt4d1BgUQT5HiWZMFZPpR5QYB1StNw8Y9RCH7kqyZTv": 9.373818,
  "F7zGAqsnb7PfxRc1ZGTbYMXdnVqH3cX3qKAgtdLZeHDw": 149.981092
}