{
  "3mnVSVSbNTV5VM2PC6WRrHtgCyRqNRJqFPjfXLLTd9Y2": 62.493524,
  "AzK3HAdnHNv5okbiKrfULeDN6tyzAQDhUL4dWCxok1bQ": 3.124676,
  "Bct5WczFGDzoutKKUXKCJUk6D2gGL6aBkMRYsdfErY76": 37.496114,
  "9x2B16c9KT1fs9jr9RYFuGzvr5PBGq5aFyLqBWTRUJaB": 12.498705,
  "5DHVVrVh4zCtZH8P3C1rbdRB1EeX8aV92j8RCPdk1eaN": 124.987048,
  "CoEsGbeW6KBp85egR2NewbxFekfPCa56bSd2CKvXr1bZ": 249.974096,
  "CaJPhGW2YnFXUTykFMRkvkRmteaM9nALms3TjyGcPCWh": 1249.87048,
  "48tJPpUcfH2tXCBhU9XhZtRou4qSHLviXdCsQJrdNxFq": 374.961144,
  "5EdBXfvbmGHDo2RthLNBWcMKuDJJMX9uHHE9RJAPuYZt": 99.989638,
  "AvRCvgfVaenTnPLBNQU7uFjTxdQqhoqP753fuwMRkHrL": 624.93524,
  "B4C7yP7ypEMNLuHW9MjBgEP8rLhqhQEGEjqkXgy7ccuN": 999.896384,
  "3qXCEPLCgQvJcqHLk7Xu5nAYqHLiNhN4Nd5gmDeixpQA": 187.480572,
  "Ab5aePuqjG7B7zotFYySpC6NGy2EosDnnECdc1k7hhho": 149.984458,
  "52GEHjYgxzXSQe5tuuy94FMuZFDdbK6KWCaZvafip6RR": 199.979277,
  "3VSKY4ZTxEF7YvNpVKgo4UtnwjLRhAMYWGdTN7b4BdTN": 312.46762,
  "8ehbqQwsDVGePZBk71mnmHpSV6UNwpiFLwyBV8wE8AHE": 24.99741,
  "37q6sgEGLjkyj62mXGGCHhjSJGoX5aLYv2hxUUa3tFKu": 49.994819,
  "HHLRmwZRGRXdaMkwGwXRLK2MYQxev9v24ZHQ6AFE9pmL": 74.992229,
  "3DmesudbaSnrxDwe7p9CnzMv3japjrqttd8rvGirg6q7": 9.374029,
  "2JpPDyMcrAhDnRszehwtyahUEBFcFmxxXCwcBdXKN6sN": 149.984458
}